{"_runtime":74952.8282395,"client1_local_test_micro_f1":0.8652137113838341,"_step":49,"client2_local_test_loss":0.18305615088917104,"client3_local_test_mAP":0.39450001715779515,"global_test_mAP":0.6681583722912537,"client3_local_test_loss":0.0749954011098909,"client4_local_test_micro_f1":0.7625585023400936,"client3_local_test_acc":0.8116901020126827,"client2_local_test_acc":0.5983175604626709,"client1_local_test_acc":0.8222965440356744,"_wandb":{"runtime":74952},"client2_local_test_mAP":0.5810793881423566,"_timestamp":1.7680676024020448e+09,"global_test_acc":0.747974261201144,"client4_local_test_acc":0.5656728444802579,"client3_local_test_micro_f1":0.8706295901073379,"global_test_loss":0.1098064518258853,"client1_local_test_mAP":0.5706080292823227,"client4_local_test_loss":0.18087569092258535,"client2_local_test_micro_f1":0.7737014867735084,"client1_local_test_loss":0.08431717221341703,"global_test_micro_f1":0.8346428388024444,"client4_local_test_mAP":0.439548057749375}